subreddit,community_health_index,toxicity_rate,toxicity_recent,toxicity_trend,instability_score,polarization,echo_chamber_index,churn_rate,total_comments,timestamp,cluster,pca_x,pca_y,dbscan_label,is_outlier
r/mobilityreport,49.88,0.6917,0.6846,-0.0095,0.2421,0.0699,0.4399,0.8608,5247,2026-08-11T04:19:37.022870,1,-3.541880652890217,0.8800743460477696,-1,True
r/ABCauto,52.42,0.6422,0.7814,0.1839,0.703,0.0699,0.4399,0.8205,5665,2026-08-11T04:19:36.373698,1,-2.8623774952555268,0.7870979078972216,-1,True
r/nottheonion,52.8,0.6833,0.775,0.1189,0.5482,0.1667,0.129,0.8175,2515,2026-08-11T04:19:37.046942,0,-1.754016956141238,3.5545959311077575,-1,True
r/CBSauto,52.87,0.603,0.7335,0.1712,0.6562,0.0699,0.4399,0.8663,5148,2026-08-11T04:19:36.375064,1,-2.8224458589270482,0.44981599117586096,-1,True
r/BBCauto,53.66,0.5956,0.5743,-0.0282,0.2085,0.0699,0.4399,0.84,3472,2026-08-11T04:19:36.374752,1,-2.5905306842623625,0.504585705564495,-1,True
r/TELEGRAPHauto,54.08,0.5913,0.6928,0.1311,0.5479,0.0699,0.4399,0.8265,4685,2026-08-11T04:19:36.982370,1,-2.467597227428903,0.530494496415703,-1,True
r/Techfeed,57.31,0.4804,0.5681,0.1159,0.4694,0.0699,0.4399,0.8591,4905,2026-08-11T04:19:36.982973,1,-1.7319435173636524,-0.09506027336188873,-1,True
r/GUARDIANauto,58.23,0.4536,0.4614,0.0103,0.1854,0.0699,0.4399,0.86,6163,2026-08-11T04:19:36.979853,1,-1.5095287792525194,-0.2225268051294616,-1,True
r/SMHauto,58.29,0.4449,0.4327,-0.0162,0.1557,0.0699,0.4399,0.8722,3642,2026-08-11T04:19:36.982128,1,-1.5135863654329063,-0.30432830601315425,-1,True
r/TIMESINDIAauto,58.6,0.4833,0.493,0.013,0.2029,0.0699,0.4399,0.7895,4147,2026-08-11T04:19:36.982591,2,-1.311330705671845,0.15480423458031084,-1,True
r/IOLauto,58.6,0.4989,0.4677,-0.0407,0.1746,0.0699,0.4399,0.7624,2378,2026-08-11T04:19:36.980212,2,-1.2702412051763696,0.3191008215880209,-1,True
r/EnoughTrumpSpam,59.16,0.3615,0.3734,0.0156,0.1672,0.2601,0.1563,0.9018,5767,2026-08-11T04:19:36.974494,0,0.39213419631561797,3.319547247503842,-1,True
r/SkydTech,60.1,0.4905,0.4882,-0.003,0.1717,0.0699,0.4399,0.7017,2314,2026-08-11T04:19:36.982237,2,-0.8113015475420006,0.48658321637053914,-1,True
r/NBCauto,60.12,0.4412,0.46,0.0249,0.2191,0.0699,0.4399,0.787,2749,2026-08-11T04:19:36.980581,2,-0.9373303763310635,-0.03199931487075374,-1,True
r/SCMPauto,60.15,0.4684,0.448,-0.0272,0.1639,0.0699,0.4399,0.7379,2422,2026-08-11T04:19:36.981536,2,-0.8547224405243986,0.2610255180588447,-1,True
r/TJTauto,60.18,0.3806,0.3204,-0.0799,0.1332,0.0699,0.4399,0.8901,5428,2026-08-11T04:19:36.982711,4,-1.0809904767820722,-0.663512390261714,-1,True
r/worldnewshub,60.28,0.4579,0.4499,-0.0107,0.1603,0.0699,0.4399,0.75,2548,2026-08-11T04:19:37.080126,2,-0.8421948253721641,0.17100688389911406,-1,True
r/TheNewsFeed,60.86,0.387,0.3933,0.0084,0.1573,0.0699,0.4399,0.8448,3176,2026-08-11T04:19:36.983430,4,-0.8458564515463382,-0.47987004013612683,0,False
r/Raytheon,60.86,0.3864,0.4979,0.146,0.515,0.0699,0.4399,0.8462,2756,2026-08-11T04:19:36.981059,4,-0.8488382940270355,-0.48769137599507456,0,False
r/SLTRIBauto,61.12,0.3686,0.3787,0.0134,0.1638,0.0699,0.4399,0.864,4434,2026-08-11T04:19:36.981930,4,-0.812059218979941,-0.6304946403442258,0,False
r/india,61.26,0.5281,0.5399,0.0156,0.2253,0.0653,0.0729,0.8605,4928,2026-08-11T04:19:37.022693,1,-0.5325328289472663,1.0860128147043737,-1,True
r/conspiracy,61.42,0.4811,0.4685,-0.0166,0.1684,0.1564,0.0495,0.8152,3492,2026-08-11T04:19:37.010106,0,0.3246217633811257,2.671266869834034,-1,True
r/DonaldTrumpWhiteHouse,61.71,0.3803,0.3407,-0.0526,0.1331,0.0699,0.4399,0.814,4008,2026-08-11T04:19:36.970510,2,-0.5917880958408513,-0.40634652117080433,-1,True
r/TheColorIsOrange,62.13,0.373,0.3855,0.0164,0.1733,0.0699,0.4399,0.8062,3832,2026-08-11T04:19:36.983203,2,-0.47867031106642133,-0.4140846688699902,-1,True
r/AutoNewspaper,62.26,0.3822,0.383,0.0011,0.1365,0.0699,0.4399,0.7832,2467,2026-08-11T04:19:36.374044,2,-0.4108156409336772,-0.2929406085495654,-1,True
r/FOXauto,62.85,0.328,0.3182,-0.0128,0.1148,0.0699,0.4399,0.8489,4576,2026-08-11T04:19:36.974653,4,-0.36890090735091935,-0.7679634694212829,0,False
r/SDauto,63.34,0.3105,0.4,0.1188,0.4175,0.0699,0.4399,0.8547,3670,2026-08-11T04:19:36.981731,4,-0.2578268790257092,-0.8686386290435922,0,False
r/politics,63.45,0.4051,0.4145,0.0123,0.1738,0.1394,0.0548,0.8685,2543,2026-08-11T04:19:37.054206,0,0.595792476316951,1.8268046913049658,-1,True
r/EcoInternet,63.54,0.3031,0.3088,0.0075,0.1256,0.0699,0.4399,0.8579,6435,2026-08-11T04:19:36.970643,4,-0.21468003323598284,-0.9140596284723966,0,False
r/WAEXauto,63.62,0.3419,0.3508,0.0116,0.1498,0.0699,0.4399,0.7857,3805,2026-08-11T04:19:36.993356,2,-0.08376292491986048,-0.4884902741800102,-1,True
r/MBauto,63.82,0.3152,0.4876,0.2289,0.7055,0.0699,0.4399,0.8225,6571,2026-08-11T04:19:36.980477,4,-0.0917349779477231,-0.7374798571918799,2,False
r/NDTVauto,63.98,0.2749,0.271,-0.0051,0.0962,0.0699,0.4399,0.885,5794,2026-08-11T04:19:36.980701,4,-0.1486178460863673,-1.1368072458408436,1,False
r/TheColorIsBlue,64.08,0.2629,0.2566,-0.0082,0.092,0.0699,0.4399,0.9013,5797,2026-08-11T04:19:36.983097,4,-0.1500087403738682,-1.2481138222653478,1,False
r/CHINADAILYauto,64.66,0.301,0.2967,-0.0056,0.1053,0.0699,0.4399,0.8054,5642,2026-08-11T04:19:36.966135,4,0.1387087477640572,-0.7453620416931601,-1,True
r/IRISHTIMESauto,64.76,0.2481,0.1877,-0.0796,0.0868,0.0699,0.4399,0.893,4203,2026-08-11T04:19:36.980327,4,0.028612596411252997,-1.288467825351168,1,False
r/newsbotbot,65.45,0.2277,0.2348,0.0093,0.1038,0.0699,0.4399,0.8943,4735,2026-08-11T04:19:37.043312,4,0.19422658685105007,-1.3876634070633787,1,False
r/HTauto,65.46,0.264,0.2575,-0.0086,0.0924,0.0699,0.4399,0.83,5999,2026-08-11T04:19:36.979987,4,0.29593906382746615,-1.0005502718719996,2,False
r/RedditSample,65.46,0.2369,0.2345,-0.0032,0.0829,0.0699,0.4399,0.8777,6175,2026-08-11T04:19:36.981419,4,0.22212045538563724,-1.2885770392738352,1,False
r/INDEPENDENTauto,65.75,0.2587,0.3592,0.1324,0.4347,0.0699,0.4399,0.8251,3343,2026-08-11T04:19:36.980113,4,0.3732239867666119,-1.0087730073124437,2,False
r/FRANCE24auto,65.78,0.25,0.3774,0.1705,0.5309,0.0699,0.4399,0.8386,3532,2026-08-11T04:19:36.974779,4,0.36035163257386815,-1.094828991157085,2,False
r/worldnews,66.08,0.318,0.4791,0.2108,0.6594,0.1604,0.0432,0.8663,4475,2026-08-11T04:19:37.079953,0,1.4167584672594786,1.8280397027924784,-1,True
r/Futurology,66.34,0.4097,0.5541,0.1886,0.6337,0.0571,0.0916,0.8117,4106,2026-08-11T04:19:36.979687,3,0.6988383692191503,0.5066670972539365,-1,True
r/NYPOSTauto,66.95,0.1992,0.1997,0.0007,0.0716,0.0699,0.4399,0.8694,5620,2026-08-11T04:19:36.980820,4,0.5967655197078082,-1.4355779772000468,1,False
r/Conservative,67.0,0.2919,0.2068,-0.1132,0.1022,0.1293,0.2324,0.7707,2690,2026-08-11T04:19:36.970342,3,1.3946885214551084,0.9528362300247596,-1,True
r/VANGUARDauto,67.15,0.2291,0.3797,0.2001,0.6004,0.0699,0.4399,0.8065,6259,2026-08-11T04:19:36.993223,4,0.7432645131419351,-1.0826884227168,2,False
r/europe,67.4,0.3655,0.3864,0.0274,0.1992,0.1044,0.0816,0.7727,2744,2026-08-11T04:19:37.015219,3,1.402843016118325,1.2840331642441183,-1,True
r/TETauto,67.49,0.2031,0.1355,-0.088,0.0711,0.0699,0.4399,0.8355,5047,2026-08-11T04:19:36.982484,4,0.7802986711949422,-1.3022788800182141,2,False
r/WAPOauto,67.74,0.1883,0.1798,-0.0113,0.0659,0.0699,0.4399,0.8487,6282,2026-08-11T04:19:36.993486,4,0.8213430903254311,-1.4156532338523364,2,False
r/The_Donald,67.76,0.3172,0.4774,0.211,0.6595,0.1461,0.054,0.7971,6449,2026-08-11T04:19:36.992737,3,1.8086848074546025,1.7801471929581105,-1,True
r/TORONTOSTARauto,67.86,0.1673,0.1316,-0.0468,0.0585,0.0699,0.4399,0.8794,6330,2026-08-11T04:19:36.982834,4,0.8035648897907506,-1.6173646695710044,-1,True
r/ukpolitics,68.27,0.2564,0.2673,0.0145,0.1274,0.1237,0.1863,0.8126,5789,2026-08-11T04:19:37.064563,3,1.6287025987504147,0.67941005369102,-1,True
r/UMukhasimAutoNews,68.71,0.2022,0.2118,0.0125,0.1033,0.0699,0.4399,0.7759,3103,2026-08-11T04:19:36.992962,4,1.16890309359899,-1.1038970050036738,-1,True
r/CHICAGOSUNauto,68.91,0.4495,0.5241,0.0986,0.4137,0.0,0.0,0.7679,3420,2026-08-11T04:19:36.965874,3,1.0030765113211775,0.10891501243658397,-1,True
r/BANGKOKPOSTauto,69.25,0.1483,0.1249,-0.031,0.0519,0.0699,0.4399,0.8434,6115,2026-08-11T04:19:36.374375,4,1.1963114324157444,-1.5834999364050224,2,False
r/canada,69.71,0.2424,0.2553,0.0169,0.1288,0.1245,0.1236,0.8108,2580,2026-08-11T04:19:36.999091,3,2.0359703411389076,0.8129771936200098,-1,True
r/news,69.79,0.2498,0.1955,-0.0721,0.0874,0.1624,0.0526,0.7901,3834,2026-08-11T04:19:37.043101,3,2.4450158308725496,1.7782343145479416,-1,True
r/unitedkingdom,71.59,0.1977,0.146,-0.069,0.0692,0.1116,0.0907,0.8392,5377,2026-08-11T04:19:37.068779,3,2.3709402641307573,0.37842769894871897,-1,True
r/movies,73.03,0.2382,0.2215,-0.0218,0.0834,0.0977,0.0612,0.7391,2747,2026-08-11T04:19:37.032867,3,2.786218380849042,0.7490464780988975,-1,True
r/willis7737_news,73.87,0.2843,0.2828,-0.0019,0.0995,0.0,0.0,0.8091,4522,2026-08-11T04:19:37.068988,3,2.1461928221529973,-0.797977403797433,-1,True
r/technology,76.08,0.1634,0.1702,0.0089,0.0802,0.098,0.0605,0.7176,2740,2026-08-11T04:19:37.062341,3,3.5639996181444955,0.48201716873628814,-1,True
