subreddit,body,toxicity,is_toxic,ts
r/BitcoinMining,Whenever you need your hoe protected on social media or anywhere in the world? Please contact @JPERZELL and he'll fight for that hoe.,0.503,True,23:55:12
r/AutoNewspaper,"RT @paymon_d: Legendary year. RT @1stName_Bravo: Speaking of '09, that years pussy was phenomenal.",0.724,True,23:55:12
r/AutoNewspaper,So if a girl gets drunk and does some hoe shit...it's rape now???,0.651,True,23:55:12
r/AutoNewspaper,"&#8220;@TinnyTimm: &#9994;&#128558; u r gey af. But you're my boy I'm glad I'm close with you. You dumb bitch&#8221; how guys say ""I love you"" &#128527;",0.65,True,23:55:12
r/AutoNewspaper,I can be very vengeful. Don't be a cunt.,0.703,True,23:55:12
r/AutoNewspaper,@Viri_BraceFacee my niggah my niggah lol &#128074;,0.637,True,23:55:12
r/AutoNewspaper,RT @ikesizzle: If you hatin you just need some pussy...,0.616,True,23:55:13
r/Amd,RT @LoveMe_AshMarie: I wish it was appropriate to go around slapping bitches when they say stupid shit,0.655,True,23:55:13
r/AutoNewspaper,"""riding with my bros still don't trust these hoes""",0.689,True,23:55:13
r/AutoNewspaper,Lol petty ass RT @BreadTruckkBri: Lmmfaooooo @drake a hoe &#128514;&#128514;&#128514; http://t.co/mStsEEeT4R,0.656,True,23:55:13
r/AnthemTheGame,@NyJusDntGAF no one cares nigger,0.651,True,23:55:13
r/AutoNewspaper,Let me find out Floyd Mayweather is being a bitter bitch today all on the social networks..&#128514; #whohurtYOU,0.551,True,23:55:13
r/AutoNewspaper,"@brandonDGK420 the only boards I still have from them are just the tie dye ones, monkey edition, black and silver , and the newest ones",0.149,False,23:55:14
r/AutoNewspaper,"Fuck! ""Hostess to liquidate if Bakers&#8217; strike continues through Thursday; end of Twinkies..."" - http://t.co/gtWmJmGT",0.693,True,23:55:14
r/AutoNewspaper,"RT @_TrackStar15: I hate ""I'm my own WCW"" ass bitches &#58382;",0.515,True,23:55:14
r/AutoNewspaper,@demimariemorin well im sure im not fully retarded #imustbestupid:(,0.691,True,23:55:14
r/AutoNewspaper,@sotoo_dean We were supposed to work together today bitch,0.544,True,23:55:14
r/AutoNewspaper,@tacalifornia bitch go play dead,0.624,True,23:55:14
r/AutoNewspaper,"@orchetect Are we doing Mad Libs now? Cool. Uh... 
Twinkie 35' long, DJ Pon3 cameo, Magic&#8482;, Crystal Tree. #TNGSeason4Finale",0.114,False,23:55:15
r/AutoNewspaper,@alexbenovich more than you run pussy,0.659,True,23:55:15
r/AutoNewspaper,RT @UKnoMyNameBxtch: Y'all hoes need to get out more. There so much more to life than being a fuckin hater. Go get yours.,0.525,True,23:55:15
r/AutoNewspaper,Wayne crazy.... New Orleans ass nicca lol,0.559,True,23:55:15
r/AutoNewspaper,"Hoi, fai moke hau!!!!",0.229,False,23:55:15
r/AutoNewspaper,@GorgeousEra come so you can record him saying he's my bitch,0.516,True,23:55:15
r/AutoNewspaper,&#8220;@erickruiz45: I just want the baddest bitch in the world right here on my lap&#8221; @7aidualc9 &#128514;&#128514;&#128514;&#128514;,0.617,True,23:55:16
r/AutoNewspaper,RT @Ra_Shia: Quotable RT @ChrissiBaxter: If my man ain't appreciating me this pussy DEFINITELY IS gonna end up in another nigga mouth. You &#8230;,0.608,True,23:55:16
r/AutoNewspaper,"RT @JimNorton: . @WBCFredJr Was daddy still being an abusive rage-a-holic in hospice, or just making doody in his diapers like a good fag h&#8230;",0.527,True,23:55:16
r/AutoNewspaper,RT @CaliStrong1: And I probably fucked yo bitch homie....,0.581,True,23:55:16
r/AutoNewspaper,@DiggzTBLB ; bitch.. What? http://t.co/OcsuDvN5hy,0.727,True,23:55:16
r/CanadaWeedStocks,"#10ThingsThatGetsOnMyNerves Needy hoes, ratchet Hoes, sideline hoes, Beggin' hoes, dumb hoes, looking for love on Facebook hoes..",0.587,True,23:55:16
r/DESERETauto,"All you pussies is losers, all my niggas is winnin",0.586,True,23:55:17
r/AutoNewspaper,"&#8220;@WowItsDylan: Fuck a ""bad bitch"" id rather have a good girl who's a freak just for me 10/10 times &#128525;&#128525;&#8221;",0.656,True,23:55:17
r/AutoNewspaper,"RT @TheDickUno: I hate seeing people bitch about their lives. I haven't even tried the Taco Bell breakfast, man, you don't have it this har&#8230;",0.739,True,23:55:17
r/AutoNewspaper,Yessir. You know this man RT @BryceHamilton11: @ItsNotHarold u got some pack fag boy I'm comin thru,0.725,True,23:55:17
r/AutoNewspaper,"@Liveitupjersey yeah...I try NOT to follow them ZULU looking bitches. 
#muslims FLAT OUT NO WAY!
I use my sheets on my bed, NOT MY HEAD!",0.539,True,23:55:17
r/Detroit,I flipped dat pacc said fucc a bitch n went and did it again,0.674,True,23:55:17
r/CHICAGOTRIBauto,"RT @ZayBillions: ""Alright bitches we are the Kayne's now"" http://t.co/IBsFfuqag4",0.661,True,23:55:18
r/AutoNewspaper,"RT @mirijuana__: &#8220;@1BookieG: Hoes always say they a ""rider"" bitch stfu and ride this dick&#8221; lmaoooooooooooooooooooo &#128557;",0.591,True,23:55:18
r/AutoNewspaper,@O3_Millz @xDSmooth idk who gave that bitch my name,0.567,True,23:55:18
r/AutoNewspaper,"RT @RWzr: Too many faithful girls are single, and too many hoes are taken.",0.713,True,23:55:18
r/DESERETauto,Not associate but ya nicca,0.591,True,23:55:18
r/Archaeology,Early bird catches the worm &#128076;,0.219,False,23:55:18
r/AutoNewspaper,Wait What?! &#128557;&#128557;&#128564;&#128564;&#8220;@TaeCocky: You a faggot if you wear a seat beat&#8221;,0.735,True,23:55:19
r/AutoNewspaper,"@SicilianInHeels @y3lla lol that's basically like the ""you got too many hoes"" curve",0.659,True,23:55:19
r/AutoNewspaper,Some of you bitches are DUMBBBB,0.506,True,23:55:19
r/AutoNewspaper,RT @ThaReal_Elijah: Real niggah over here&#128175;&#128520;,0.701,True,23:55:19
r/CHICAGOTRIBauto,My barber not bein able to cut my hair yesterday really prevented me from goin to the club and gettin mad bitches b he owe me 3 free cuts,0.507,True,23:55:19
r/AutoNewspaper,&#8220;@ALaQuannD: Woaaaahh that coat though lol&#8221;nigga too warm in that hoe,0.647,True,23:55:19
r/AutoNewspaper,"RT @CountOn24: bitch you love every team but the US lol RT""@rihanna: This is the game I've been waiting for! I sincerely LOVE both of these&#8230;",0.73,True,23:55:20
r/AutoNewspaper,My nigga was drinking Gatorade like it's not Dumass hot lol bitch drink water,0.522,True,23:55:20
r/ABCauto,@BillionaireCrow @Neelahrelates your what's wrong with the white race you fuckin coon slaying piece of poop please die alone,0.93,True,23:55:20
r/AutoNewspaper,"RT @ImNeverChillin: You get drunk with a bitch and u try and grab her ass she get all offended, Well excuse me bitch I thought u were a hoe",0.712,True,23:55:20
r/BreakingNews24hr,"@cxslug I never did those games, but I was obsessed with Angry birds. Which is why it took me so long to do CCS. I was scared. Lol",0.25,False,23:55:20
r/AutoNewspaper,"""@NICKIMINAJ: #WutKinda

r purple. Ceeeleee""man this gurl was jus playin on the ""stupid hoe "" track. But in still shitted on sum gurls",0.713,True,23:55:20
r/AutoNewspaper,"So I already don't fuck with dude, but I be nice. And I'm humoring him. but this bitch crossed a line.

""First of motherfucking all...""",0.557,True,23:55:21
r/AutoNewspaper,@bitchdicknigga you're a fucking nigger,0.774,True,23:55:21
r/AutoNewspaper,"first thing to do when you meet a famous star:

sell my hoe",0.699,True,23:55:21
r/AlJazeera,@Grayse_Kelly Some women get in a relationship quick so they won't feel like a hoe for having sex.,0.739,True,23:55:21
r/CHINADAILYauto,"This girl legit looks like a pig, Kiss imik you bitch",0.539,True,23:55:21
r/AutoNewspaper,Why you let these hoes tear what we had apart you shud be beware beware,0.725,True,23:55:21
r/AutoNewspaper,@Juice__2 nah you're a nigger,0.712,True,23:55:22
r/CHINADAILYauto,Gucci feel like jeezy pussy outchea you tried to kill me and wasn't successful. Nigga lucky Gucci ain't tried to down him,0.532,True,23:55:22
r/AutoNewspaper,"RT @CauseWereGuys: Element number 35 is Bromine and it comes before number 67 Ho (Holmium). Therefore, its Bros before hoes.",0.702,True,23:55:22
r/BTCNews,"RT @Lawless_1: @3RedsPositives 
1) We are not the Cubs
2) We are not the Pirates
3) We damn sure ain't no f***ing Cardinals.

Who cares abo&#8230;",0.636,True,23:55:22
r/AutoNewspaper,RT @consciousfuck: lmao okay now let&#8217;s address pepsi pussy RT @Thotcho: Real niggas know http://t.co/ipedbpBjm5,0.643,True,23:55:22
r/AutoNewspaper,Ion kno wat kinda spring clothes imma get my yung nicca dis year we ain't doin da polo dis year gotta offset em wit sumthin else,0.138,False,23:55:22
r/CBSauto,@jordan_luree @NatalieSchroyer me or nat!? &#128514;&#128514; def not me with that shiner,0.06,False,23:55:23
r/AutoNewspaper,RT @TwitchyTeam: 'Dying laughing': Russian wrestlers mock 'girly man' Obama's workout video http://t.co/LLDrxLZeUs,0.167,False,23:55:23
r/AmericanGovernment,@alexxx_carr18 bitch what?,0.637,True,23:55:23
r/AutoNewspaper,RT @NickSwagyPYoung: Happy Halloween from Rick James (aka Swaggy) and Charlie Murphy ( @bigmeat2000 ) haha darkness everybody http://t.co/y&#8230;,0.207,False,23:55:23
r/AutoNewspaper,"Yall don't want a nigga unless other bitches want him.. 

But when you get him you get mad cuz those same bitches still want him.
&#128533;?",0.521,True,23:55:23
r/AutoNewspaper,RT @Dunky_hoeless55: You a hoe if you leaving a man's house right now with a costume on,0.51,True,23:55:23
r/AutoNewspaper,The #south of the US is white trash.,0.797,True,23:55:24
r/AutoNewspaper,RT @ToMyFutureHus: #DearFutureHusband you have no idea how many brownie points you will get I you randomly play with my hair or scratch my &#8230;,0.228,False,23:55:24
r/AutoNewspaper,@grandeftlou and bullying? I didn't know u could bully over the internet?? And the bitch came at me so idk why u in my mentions bruh,0.603,True,23:55:24
r/AutoNewspaper,&#8220;@RamzyJay: I try to keep all my bitches on lay away&#8221; same way I feel,0.692,True,23:55:24
r/AutoNewspaper,I'll beat some pussy up right about now,0.55,True,23:55:24
r/AutoNewspaper,"Let a bitch try and set me up , she gone be stuck between a rock nd dis mufuckin Glock! MY BITCH BAD SHE TERRIBLE &#128044;",0.547,True,23:55:24
r/AutoNewspaper,@eanahS__ girl I been wanting them shit I been growing them hoes for bout 6months,0.729,True,23:55:25
r/AutoNewspaper,I don't have an iPhone so I have to manually ignore these hoes http://t.co/YXMHy17O1U,0.637,True,23:55:25
r/AutoNewspaper,Stupid bitch,0.709,True,23:55:25
r/AutoNewspaper,@Prophzilla I don't hate that he blew up from 3005 like a hipster but I hate the faggots who say they love his music based off his worst +,0.804,True,23:55:25
r/BTCNews,RT @kg4hunnid: Bruh you trash take yo ass back to college @GenoSmith7,0.589,True,23:55:25
r/AutoNewspaper,&#8220;@NotGrimey &#8220;@BobbyBudnic My brother a faggot&#8221;&#8221;smh,0.619,True,23:55:25
r/Conservative,"which one of these names is more offensive kike, wop, kraut, wetback jigaboo, towelhead, gook, or redskin.",0.825,True,23:55:26
r/AsianPatriarchy,RT @LadyMercia: Mother of Manchester 'terror twins' who went to Syria to become Jihadi brides snatched by ISIS ... http://t.co/trhNMdVnCM v&#8230;,0.189,False,23:55:26
r/BreakingNews24hr,RT @JacksonBynum: You're an annoying cunt,0.673,True,23:55:26
r/AutoNewspaper,"RT @XxminijokerXx: @VocaToaster autocorrect

its a bitch",0.72,True,23:55:26
r/AutoNewspaper,"One thing I hate more than Lightskin niggas, is a Confused bitch like either you go fwm or you gon fw these niggas. &#9995;&#128564;",0.608,True,23:55:26
r/AutoNewspaper,I'm with 3 bitches &amp; 2 of em mix,0.546,True,23:55:26
r/AutoNewspaper,"If someone pushes you too hard today, they may be surprised ho... More for Capricorn http://t.co/3kpy22pi0E",0.046,False,23:55:27
r/AutoNewspaper,&#8220;@cb_marie: @what_evaittakes &#128563;&#128553;&#128514;&#128514; now bitch you know.. Lmaooo&#8221;&#128514;&#128514;&#128514;,0.61,True,23:55:27
r/AutoNewspaper,@baileymw22 you're the sole reason I come to that chipotle incase you didn't know. Keep up the good work babe,0.023,False,23:55:27
r/AutoNewspaper,@PablyAndrew it was Paul McCartney faggot,0.785,True,23:55:27
r/AutoNewspaper,RT @Justcallme_duh: karmas a bitch my nigga,0.578,True,23:55:27
r/AutoNewspaper,"@LobstrThinkTank Yeah! Me too. My people, the women, laff at the set apart men... they love the real niggas or niggers.",0.984,True,23:55:27
r/Chatbots,Fuck all u stupid hoes #idgafmode,0.588,True,23:55:28
r/AutoNewspaper,@karlieu123 I can't help but notice you attempting to avoid acknowledging your very hairy pussy....,0.698,True,23:55:28
r/AutoNewspaper,RT @NikoWavy: FACTS RT&#8220;@iDntWearCondoms: Your pussy not that good if 10 niggas had it but none of them are still with u&#8221;,0.595,True,23:55:28
r/AutoNewspaper,@WendyGAv says the pedophile promoting dolt. LMAO #teabagger,0.504,True,23:55:28
r/AutoNewspaper,"The @Yankees are playing the @tigers tonight. In other words, I am not friends with @mtaraban.",0.225,False,23:55:28
r/AutoNewspaper,#Yankees Damn you DirectTv blackout the Yankee game. With a freaking WALK OFF! You're killing me satellite douche.,0.246,False,23:55:28
r/AutoNewspaper,"@Ray_Lakee #fag
 Fuckin pirelli tire black ass nigga whit a white boy shirt on but my nigga did loosen up a lil bit.#bowbow",0.676,True,23:55:29
r/CanadaPolitics,"&#8220;@IdLikeToCare: @idpetition Wow, putting a whole manifesto up using TwitLonger. 

And by a Canadian. Hey hoser....how many will you adopt?",0.52,True,23:55:29
r/AutoNewspaper,@foreverschmoked vertical nip bars..I already have horizontal ones so I think it'll look hella cute,0.238,False,23:55:29
r/AutoNewspaper,RT @_Headsyoulose: I'll write a poem for u hoe http://t.co/jQPzftI14w,0.706,True,23:55:29
r/AutoNewspaper,RT @NenosMarma: @andrewzoudo @tonykivarkis so hes retarded and gay.. What a mix &#128079;&#128079;&#128079;,0.639,True,23:55:29
r/CBSauto,RT @AlaysiaMichelle: I just wanna get filthy rich &amp; have a nice big house full of bad bitches that I could fuck anytime I want &#128540;,0.6,True,23:55:29
r/AutoNewspaper,"RT @MikeyBlackheart: ""I never talk to anybody!""

*has dinner with family*

""I hate everyone!""

*defends 45 people when I call them cunts*",0.516,True,23:55:30
r/AutoNewspaper,"RT @AIanHangover: If I've ever offended you, im sorry..

.

.

.

.

.

.

.

.

.

.

that you're a sensitive lil bitch.",0.535,True,23:55:30
r/CryptoCurrency,ow my stomach hurts like a bitch,0.569,True,23:55:30
r/AutoNewspaper,"So what if she a hoe in her city. If she make you happy, move her to Montana and be happy for the rest of y&#8217;all days.",0.683,True,23:55:30
r/AutoNewspaper,RT @missmollylo: Charlie wears women's clothing,0.108,False,23:55:30
r/AutoNewspaper,"@JfromHuntington #Savages 
Day is like coloreds dat wrap day hoes like mummies",0.648,True,23:55:30
r/AutoNewspaper,"@bayjackson3 lol it's a crew, not actual hoes",0.654,True,23:55:31
r/AutoNewspaper,RT @pringlezXII: Dont message me your number and tell me to text you.... I'm not your bitch lol,0.587,True,23:55:31
r/AutoNewspaper,Hoes always saying niggas hoes but they be the hoes &#128175;,0.588,True,23:55:31
r/AutoNewspaper,It's unbelievable to me that there are Americans who refused to kill the okies. That means all Americans weak willed trash.,0.774,True,23:55:31
r/AutoNewspaper,I ain't stressin you hoes. Know dat &#128133;&#128129;&#128068;,0.697,True,23:55:31
r/AutoNewspaper,RT @NinoDaPlug: @lil_aerii What's good bitch (:,0.506,True,23:55:31
