subreddit,community_health_index,toxicity_rate,toxicity_recent,toxicity_trend,instability_score,polarization,echo_chamber_index,churn_rate,total_comments,timestamp
r/mobilityreport,49.88,0.6917,0.6846,-0.0095,0.2421,0.0699,0.4399,0.8608,5247,2026-08-11T04:19:37.022870
r/ABCauto,52.42,0.6422,0.7814,0.1839,0.703,0.0699,0.4399,0.8205,5665,2026-08-11T04:19:36.373698
r/nottheonion,52.8,0.6833,0.775,0.1189,0.5482,0.1667,0.129,0.8175,2515,2026-08-11T04:19:37.046942
r/CBSauto,52.87,0.603,0.7335,0.1712,0.6562,0.0699,0.4399,0.8663,5148,2026-08-11T04:19:36.375064
r/BBCauto,53.66,0.5956,0.5743,-0.0282,0.2085,0.0699,0.4399,0.84,3472,2026-08-11T04:19:36.374752
r/TELEGRAPHauto,54.08,0.5913,0.6928,0.1311,0.5479,0.0699,0.4399,0.8265,4685,2026-08-11T04:19:36.982370
r/Techfeed,57.31,0.4804,0.5681,0.1159,0.4694,0.0699,0.4399,0.8591,4905,2026-08-11T04:19:36.982973
r/GUARDIANauto,58.23,0.4536,0.4614,0.0103,0.1854,0.0699,0.4399,0.86,6163,2026-08-11T04:19:36.979853
r/SMHauto,58.29,0.4449,0.4327,-0.0162,0.1557,0.0699,0.4399,0.8722,3642,2026-08-11T04:19:36.982128
r/TIMESINDIAauto,58.6,0.4833,0.493,0.013,0.2029,0.0699,0.4399,0.7895,4147,2026-08-11T04:19:36.982591
r/IOLauto,58.6,0.4989,0.4677,-0.0407,0.1746,0.0699,0.4399,0.7624,2378,2026-08-11T04:19:36.980212
r/EnoughTrumpSpam,59.16,0.3615,0.3734,0.0156,0.1672,0.2601,0.1563,0.9018,5767,2026-08-11T04:19:36.974494
r/SkydTech,60.1,0.4905,0.4882,-0.003,0.1717,0.0699,0.4399,0.7017,2314,2026-08-11T04:19:36.982237
r/NBCauto,60.12,0.4412,0.46,0.0249,0.2191,0.0699,0.4399,0.787,2749,2026-08-11T04:19:36.980581
r/SCMPauto,60.15,0.4684,0.448,-0.0272,0.1639,0.0699,0.4399,0.7379,2422,2026-08-11T04:19:36.981536
r/TJTauto,60.18,0.3806,0.3204,-0.0799,0.1332,0.0699,0.4399,0.8901,5428,2026-08-11T04:19:36.982711
r/worldnewshub,60.28,0.4579,0.4499,-0.0107,0.1603,0.0699,0.4399,0.75,2548,2026-08-11T04:19:37.080126
r/TheNewsFeed,60.86,0.387,0.3933,0.0084,0.1573,0.0699,0.4399,0.8448,3176,2026-08-11T04:19:36.983430
r/Raytheon,60.86,0.3864,0.4979,0.146,0.515,0.0699,0.4399,0.8462,2756,2026-08-11T04:19:36.981059
r/SLTRIBauto,61.12,0.3686,0.3787,0.0134,0.1638,0.0699,0.4399,0.864,4434,2026-08-11T04:19:36.981930
r/india,61.26,0.5281,0.5399,0.0156,0.2253,0.0653,0.0729,0.8605,4928,2026-08-11T04:19:37.022693
r/conspiracy,61.42,0.4811,0.4685,-0.0166,0.1684,0.1564,0.0495,0.8152,3492,2026-08-11T04:19:37.010106
r/DonaldTrumpWhiteHouse,61.71,0.3803,0.3407,-0.0526,0.1331,0.0699,0.4399,0.814,4008,2026-08-11T04:19:36.970510
r/TheColorIsOrange,62.13,0.373,0.3855,0.0164,0.1733,0.0699,0.4399,0.8062,3832,2026-08-11T04:19:36.983203
r/AutoNewspaper,62.26,0.3822,0.383,0.0011,0.1365,0.0699,0.4399,0.7832,2467,2026-08-11T04:19:36.374044
r/FOXauto,62.85,0.328,0.3182,-0.0128,0.1148,0.0699,0.4399,0.8489,4576,2026-08-11T04:19:36.974653
r/SDauto,63.34,0.3105,0.4,0.1188,0.4175,0.0699,0.4399,0.8547,3670,2026-08-11T04:19:36.981731
r/politics,63.45,0.4051,0.4145,0.0123,0.1738,0.1394,0.0548,0.8685,2543,2026-08-11T04:19:37.054206
r/EcoInternet,63.54,0.3031,0.3088,0.0075,0.1256,0.0699,0.4399,0.8579,6435,2026-08-11T04:19:36.970643
r/WAEXauto,63.62,0.3419,0.3508,0.0116,0.1498,0.0699,0.4399,0.7857,3805,2026-08-11T04:19:36.993356
r/MBauto,63.82,0.3152,0.4876,0.2289,0.7055,0.0699,0.4399,0.8225,6571,2026-08-11T04:19:36.980477
r/NDTVauto,63.98,0.2749,0.271,-0.0051,0.0962,0.0699,0.4399,0.885,5794,2026-08-11T04:19:36.980701
r/TheColorIsBlue,64.08,0.2629,0.2566,-0.0082,0.092,0.0699,0.4399,0.9013,5797,2026-08-11T04:19:36.983097
r/CHINADAILYauto,64.66,0.301,0.2967,-0.0056,0.1053,0.0699,0.4399,0.8054,5642,2026-08-11T04:19:36.966135
r/IRISHTIMESauto,64.76,0.2481,0.1877,-0.0796,0.0868,0.0699,0.4399,0.893,4203,2026-08-11T04:19:36.980327
r/newsbotbot,65.45,0.2277,0.2348,0.0093,0.1038,0.0699,0.4399,0.8943,4735,2026-08-11T04:19:37.043312
r/HTauto,65.46,0.264,0.2575,-0.0086,0.0924,0.0699,0.4399,0.83,5999,2026-08-11T04:19:36.979987
r/RedditSample,65.46,0.2369,0.2345,-0.0032,0.0829,0.0699,0.4399,0.8777,6175,2026-08-11T04:19:36.981419
r/INDEPENDENTauto,65.75,0.2587,0.3592,0.1324,0.4347,0.0699,0.4399,0.8251,3343,2026-08-11T04:19:36.980113
r/FRANCE24auto,65.78,0.25,0.3774,0.1705,0.5309,0.0699,0.4399,0.8386,3532,2026-08-11T04:19:36.974779
r/worldnews,66.08,0.318,0.4791,0.2108,0.6594,0.1604,0.0432,0.8663,4475,2026-08-11T04:19:37.079953
r/Futurology,66.34,0.4097,0.5541,0.1886,0.6337,0.0571,0.0916,0.8117,4106,2026-08-11T04:19:36.979687
r/NYPOSTauto,66.95,0.1992,0.1997,0.0007,0.0716,0.0699,0.4399,0.8694,5620,2026-08-11T04:19:36.980820
r/Conservative,67.0,0.2919,0.2068,-0.1132,0.1022,0.1293,0.2324,0.7707,2690,2026-08-11T04:19:36.970342
r/VANGUARDauto,67.15,0.2291,0.3797,0.2001,0.6004,0.0699,0.4399,0.8065,6259,2026-08-11T04:19:36.993223
r/europe,67.4,0.3655,0.3864,0.0274,0.1992,0.1044,0.0816,0.7727,2744,2026-08-11T04:19:37.015219
r/TETauto,67.49,0.2031,0.1355,-0.088,0.0711,0.0699,0.4399,0.8355,5047,2026-08-11T04:19:36.982484
r/WAPOauto,67.74,0.1883,0.1798,-0.0113,0.0659,0.0699,0.4399,0.8487,6282,2026-08-11T04:19:36.993486
r/The_Donald,67.76,0.3172,0.4774,0.211,0.6595,0.1461,0.054,0.7971,6449,2026-08-11T04:19:36.992737
r/TORONTOSTARauto,67.86,0.1673,0.1316,-0.0468,0.0585,0.0699,0.4399,0.8794,6330,2026-08-11T04:19:36.982834
r/ukpolitics,68.27,0.2564,0.2673,0.0145,0.1274,0.1237,0.1863,0.8126,5789,2026-08-11T04:19:37.064563
r/UMukhasimAutoNews,68.71,0.2022,0.2118,0.0125,0.1033,0.0699,0.4399,0.7759,3103,2026-08-11T04:19:36.992962
r/CHICAGOSUNauto,68.91,0.4495,0.5241,0.0986,0.4137,0.0,0.0,0.7679,3420,2026-08-11T04:19:36.965874
r/BANGKOKPOSTauto,69.25,0.1483,0.1249,-0.031,0.0519,0.0699,0.4399,0.8434,6115,2026-08-11T04:19:36.374375
r/canada,69.71,0.2424,0.2553,0.0169,0.1288,0.1245,0.1236,0.8108,2580,2026-08-11T04:19:36.999091
r/news,69.79,0.2498,0.1955,-0.0721,0.0874,0.1624,0.0526,0.7901,3834,2026-08-11T04:19:37.043101
r/unitedkingdom,71.59,0.1977,0.146,-0.069,0.0692,0.1116,0.0907,0.8392,5377,2026-08-11T04:19:37.068779
r/movies,73.03,0.2382,0.2215,-0.0218,0.0834,0.0977,0.0612,0.7391,2747,2026-08-11T04:19:37.032867
r/willis7737_news,73.87,0.2843,0.2828,-0.0019,0.0995,0.0,0.0,0.8091,4522,2026-08-11T04:19:37.068988
r/technology,76.08,0.1634,0.1702,0.0089,0.0802,0.098,0.0605,0.7176,2740,2026-08-11T04:19:37.062341
