subreddit,date,avg_toxicity,toxic_rate,comment_count,unique_authors,time_idx,group_id
movies,2026-07-03,0.0641388954113468,0.0515463917525773,97,85,0,movies
movies,2026-07-04,0.1055031899928248,0.0879120879120879,91,77,1,movies
movies,2026-07-05,0.0983643184330875,0.086021505376344,93,76,2,movies
movies,2026-07-06,0.1090315205510705,0.1011235955056179,89,76,3,movies
movies,2026-07-07,0.1431815444366952,0.144927536231884,69,60,4,movies
movies,2026-07-08,0.096319990484151,0.0804597701149425,87,74,5,movies
movies,2026-07-09,0.062744617775638,0.0602409638554216,83,69,6,movies
movies,2026-07-10,0.0694981349171774,0.0681818181818181,88,68,7,movies
movies,2026-07-11,0.0788558734990335,0.0689655172413793,87,68,8,movies
movies,2026-07-12,0.0608051062917285,0.0444444444444444,90,73,9,movies
movies,2026-07-13,0.0671538846291623,0.0459770114942528,87,76,10,movies
movies,2026-07-14,0.0858804833361595,0.0760869565217391,92,78,11,movies
movies,2026-07-15,0.0699310086369898,0.0618556701030927,97,72,12,movies
movies,2026-07-16,0.0764046904372408,0.0813953488372093,86,73,13,movies
movies,2026-07-17,0.1087324776827185,0.108695652173913,92,75,14,movies
movies,2026-07-18,0.0821731365380717,0.0652173913043478,92,86,15,movies
movies,2026-07-19,0.0314414217641266,0.0222222222222222,90,82,16,movies
movies,2026-07-20,0.060805945834946,0.053763440860215,93,78,17,movies
movies,2026-07-21,0.0744065151910387,0.053763440860215,93,79,18,movies
movies,2026-07-22,0.063336267288368,0.0531914893617021,94,82,19,movies
movies,2026-07-23,0.0623883121227333,0.0549450549450549,91,81,20,movies
movies,2026-07-24,0.0639977658477922,0.043010752688172,93,80,21,movies
movies,2026-07-25,0.0887547480113267,0.0869565217391304,92,81,22,movies
movies,2026-07-26,0.0757181264350286,0.0795454545454545,88,71,23,movies
movies,2026-07-27,0.0318155147347619,0.0109890109890109,91,73,24,movies
movies,2026-07-28,0.1970479868209348,0.180722891566265,83,67,25,movies
movies,2026-07-29,0.0669111076332185,0.0595238095238095,84,69,26,movies
movies,2026-07-30,0.0943307993071083,0.086021505376344,93,82,27,movies
movies,2026-07-31,0.0626825731315907,0.057471264367816,87,70,28,movies
movies,2026-08-01,0.0757235256363794,0.0674157303370786,89,72,29,movies
movies,2026-08-02,0.1028606247635454,0.0888888888888888,90,69,30,movies
movies,2026-08-03,0.1029526498219878,0.0879120879120879,91,76,31,movies
movies,2026-08-04,0.1089993155748193,0.1046511627906976,86,69,32,movies
movies,2026-08-05,0.0751118298630108,0.0760869565217391,92,80,33,movies
movies,2026-08-06,0.0716114987691824,0.064516129032258,93,77,34,movies
movies,2026-08-07,0.0909058570673656,0.1046511627906976,86,72,35,movies
movies,2026-08-08,0.209936850995291,0.2,85,64,36,movies
movies,2026-08-09,0.0813029619968599,0.0555555555555555,90,74,37,movies
movies,2026-08-10,0.0868610574317689,0.0744680851063829,94,86,38,movies
movies,2026-08-11,0.086634512809054,0.0549450549450549,91,77,39,movies
news,2026-07-03,0.1266762626037234,0.125,72,62,0,news
news,2026-07-04,0.1439252704673699,0.1358024691358024,81,69,1,news
news,2026-07-05,0.1629213999129004,0.1388888888888889,72,65,2,news
news,2026-07-06,0.1037499896127782,0.0972222222222222,72,66,3,news
news,2026-07-07,0.1203250231384299,0.1066666666666666,75,63,4,news
news,2026-07-08,0.150372067388768,0.1333333333333333,75,67,5,news
news,2026-07-09,0.1678291321754491,0.1666666666666666,78,68,6,news
news,2026-07-10,0.1036208131042151,0.0909090909090909,77,63,7,news
news,2026-07-11,0.0961162855749501,0.0864197530864197,81,74,8,news
news,2026-07-12,0.164407294486106,0.1388888888888889,72,70,9,news
news,2026-07-13,0.0987942285358604,0.0845070422535211,71,60,10,news
news,2026-07-14,0.1034999288716295,0.074074074074074,81,67,11,news
news,2026-07-15,0.1381603482958884,0.1518987341772152,79,65,12,news
news,2026-07-16,0.1979642696169321,0.1875,80,63,13,news
news,2026-07-17,0.1127080507145577,0.1168831168831168,77,64,14,news
news,2026-07-18,0.1689908864319949,0.1518987341772152,79,63,15,news
news,2026-07-19,0.1583073470553101,0.131578947368421,76,58,16,news
news,2026-07-20,0.1520402156876388,0.1168831168831168,77,60,17,news
news,2026-07-21,0.0746760559820522,0.0512820512820512,78,55,18,news
news,2026-07-22,0.1012427182557682,0.08,75,64,19,news
news,2026-07-23,0.1211296049734867,0.1147540983606557,61,53,20,news
news,2026-07-24,0.1124912772686845,0.0975609756097561,82,59,21,news
news,2026-07-25,0.1510594583551089,0.1466666666666666,75,60,22,news
news,2026-07-26,0.1637049845647044,0.144578313253012,83,67,23,news
news,2026-07-27,0.1523012555971479,0.141025641025641,78,58,24,news
news,2026-07-28,0.1216478137535088,0.0975609756097561,82,70,25,news
news,2026-07-29,0.1077295462144067,0.0886075949367088,79,59,26,news
news,2026-07-30,0.1406881720602807,0.1219512195121951,82,71,27,news
news,2026-07-31,0.081103694452263,0.0579710144927536,69,58,28,news
news,2026-08-01,0.1409447408867764,0.1392405063291139,79,70,29,news
news,2026-08-02,0.1066048691714875,0.0897435897435897,78,65,30,news
news,2026-08-03,0.152175604145353,0.1466666666666666,75,66,31,news
news,2026-08-04,0.1529688514172648,0.136986301369863,73,60,32,news
news,2026-08-05,0.1792471168677692,0.1923076923076923,78,65,33,news
news,2026-08-06,0.1653185639551735,0.1267605633802817,71,65,34,news
news,2026-08-07,0.0844593639970601,0.0833333333333333,72,62,35,news
news,2026-08-08,0.0704892387501659,0.0759493670886076,79,60,36,news
news,2026-08-09,0.0998584137906477,0.0985915492957746,71,57,37,news
news,2026-08-10,0.0866926418821094,0.075,80,65,38,news
news,2026-08-11,0.1201814992219784,0.1029411764705882,68,63,39,news
politics,2026-07-03,0.1101895236363634,0.1,100,81,0,politics
politics,2026-07-04,0.1147006144479382,0.11,100,83,1,politics
politics,2026-07-05,0.1217978237295693,0.086021505376344,93,83,2,politics
politics,2026-07-06,0.1664527770822087,0.1515151515151515,99,77,3,politics
politics,2026-07-07,0.1760543583831702,0.1428571428571428,98,74,4,politics
politics,2026-07-08,0.1392952629937089,0.1397849462365591,93,72,5,politics
politics,2026-07-09,0.1977902675927759,0.173469387755102,98,79,6,politics
politics,2026-07-10,0.0998035290601061,0.0833333333333333,96,77,7,politics
politics,2026-07-11,0.2049901126803424,0.2234042553191489,94,78,8,politics
politics,2026-07-12,0.0947174011720988,0.0638297872340425,94,76,9,politics
politics,2026-07-13,0.1177124416869019,0.0918367346938775,98,78,10,politics
politics,2026-07-14,0.168496826996316,0.1684210526315789,95,74,11,politics
politics,2026-07-15,0.1576517623507243,0.1458333333333333,96,80,12,politics
politics,2026-07-16,0.180078798331427,0.1770833333333333,96,80,13,politics
politics,2026-07-18,0.1382159871864132,0.1224489795918367,98,79,14,politics
politics,2026-07-19,0.100478131310851,0.0721649484536082,97,69,15,politics
politics,2026-07-20,0.1019573563966992,0.0879120879120879,91,81,16,politics
politics,2026-07-21,0.1221813774823296,0.1326530612244898,98,80,17,politics
politics,2026-07-22,0.1278048109817654,0.1134020618556701,97,82,18,politics
politics,2026-07-23,0.0965130754853504,0.0909090909090909,99,74,19,politics
politics,2026-07-24,0.1029090349414521,0.0833333333333333,96,78,20,politics
politics,2026-07-25,0.1477347338474931,0.1443298969072164,97,84,21,politics
politics,2026-07-26,0.1256624428567623,0.1052631578947368,95,73,22,politics
politics,2026-07-27,0.1543167597613028,0.1443298969072164,97,78,23,politics
politics,2026-07-28,0.1259438565844283,0.1063829787234042,94,77,24,politics
politics,2026-07-29,0.160152184538004,0.1368421052631579,95,84,25,politics
politics,2026-07-30,0.1440702585993373,0.1354166666666666,96,69,26,politics
politics,2026-07-31,0.1699459753804746,0.1515151515151515,99,80,27,politics
politics,2026-08-01,0.1182265421158088,0.1111111111111111,99,81,28,politics
politics,2026-08-02,0.1316768109233332,0.125,96,79,29,politics
politics,2026-08-03,0.2190134449499074,0.2127659574468085,94,74,30,politics
politics,2026-08-04,0.163010453642706,0.1546391752577319,97,78,31,politics
politics,2026-08-05,0.1374683051324943,0.1326530612244898,98,73,32,politics
politics,2026-08-06,0.1376821180792362,0.1134020618556701,97,84,33,politics
politics,2026-08-07,0.1458899778817609,0.1224489795918367,98,76,34,politics
politics,2026-08-08,0.1498339511710719,0.1290322580645161,93,72,35,politics
politics,2026-08-09,0.1291579795958109,0.1030927835051546,97,79,36,politics
politics,2026-08-10,0.109505719215388,0.0808080808080808,99,70,37,politics
politics,2026-08-11,0.1278311560100685,0.1290322580645161,93,81,38,politics
science,2026-07-03,0.0717860780431822,0.0714285714285714,70,53,0,science
science,2026-07-04,0.0647004705168964,0.0705882352941176,85,67,1,science
science,2026-07-05,0.0475142403785768,0.027027027027027,74,58,2,science
science,2026-07-06,0.0281773014668777,0.0227272727272727,88,74,3,science
science,2026-07-07,0.0544269626521146,0.036144578313253,83,76,4,science
science,2026-07-08,0.033650846360546,0.0253164556962025,79,63,5,science
science,2026-07-09,0.0298646063778124,0.0123456790123456,81,62,6,science
science,2026-07-10,0.0766035915556131,0.075,80,69,7,science
science,2026-07-11,0.0207588541755884,0.0121951219512195,82,61,8,science
science,2026-07-12,0.0646054156295334,0.0666666666666666,75,57,9,science
science,2026-07-13,0.0184515482143093,0.0128205128205128,78,67,10,science
science,2026-07-14,0.0361973170556352,0.0229885057471264,87,67,11,science
science,2026-07-15,0.0453067516684076,0.0434782608695652,92,77,12,science
science,2026-07-16,0.0495621228374626,0.0263157894736842,76,58,13,science
science,2026-07-17,0.0425858860689913,0.0375,80,71,14,science
science,2026-07-18,0.0420250705908984,0.0125,80,70,15,science
science,2026-07-19,0.0704747901132001,0.0609756097560975,82,58,16,science
science,2026-07-20,0.0553070683138988,0.0357142857142857,84,80,17,science
science,2026-07-21,0.038652943127856,0.0394736842105263,76,64,18,science
science,2026-07-22,0.0177526188066161,0.0,83,73,19,science
science,2026-07-23,0.0550916071261384,0.0422535211267605,71,43,20,science
science,2026-07-24,0.024626537203585,0.0125,80,58,21,science
science,2026-07-25,0.0212672489628025,0.0140845070422535,71,56,22,science
science,2026-07-26,0.0391741796380041,0.0129870129870129,77,62,23,science
science,2026-07-27,0.0447701040150908,0.0459770114942528,87,74,24,science
science,2026-07-28,0.0411896027040998,0.0394736842105263,76,62,25,science
science,2026-07-29,0.0343941722916585,0.0120481927710843,83,56,26,science
science,2026-07-30,0.0522628253789949,0.0394736842105263,76,57,27,science
science,2026-07-31,0.0565258400223683,0.0375,80,69,28,science
science,2026-08-01,0.0713269378710538,0.0666666666666666,75,57,29,science
science,2026-08-02,0.0480186157688662,0.0470588235294117,85,75,30,science
science,2026-08-03,0.0480055196283676,0.0481927710843373,83,75,31,science
science,2026-08-04,0.0688493202424918,0.0533333333333333,75,60,32,science
science,2026-08-05,0.0473917610084754,0.0125,80,65,33,science
science,2026-08-06,0.0456861457349184,0.0352941176470588,85,72,34,science
science,2026-08-07,0.0835973275623893,0.0769230769230769,78,71,35,science
science,2026-08-08,0.0280032407140129,0.0129870129870129,77,62,36,science
science,2026-08-09,0.0311765874999268,0.0113636363636363,88,75,37,science
science,2026-08-10,0.0390239523391306,0.0240963855421686,83,65,38,science
science,2026-08-11,0.0803961992683464,0.0617283950617283,81,69,39,science
technology,2026-07-03,0.1514267017176094,0.1397849462365591,93,80,0,technology
technology,2026-07-04,0.100252410458979,0.0879120879120879,91,80,1,technology
technology,2026-07-05,0.1812739327564322,0.146067415730337,89,82,2,technology
technology,2026-07-06,0.0694051084561519,0.0769230769230769,91,81,3,technology
technology,2026-07-07,0.0776420148879127,0.0652173913043478,92,73,4,technology
technology,2026-07-08,0.0775612713685924,0.0549450549450549,91,76,5,technology
technology,2026-07-09,0.0693139401956853,0.0736842105263157,95,84,6,technology
technology,2026-07-10,0.1072309708694667,0.1182795698924731,93,80,7,technology
technology,2026-07-11,0.1201191239041773,0.1363636363636363,88,76,8,technology
technology,2026-07-13,0.0999481600318156,0.0898876404494382,89,75,9,technology
technology,2026-07-14,0.0850219280352805,0.0879120879120879,91,76,10,technology
technology,2026-07-15,0.0876969590576861,0.0869565217391304,92,81,11,technology
technology,2026-07-16,0.0990193464336272,0.0851063829787234,94,83,12,technology
technology,2026-07-17,0.0729400141709974,0.0736842105263157,95,72,13,technology
technology,2026-07-18,0.1537712207157915,0.1505376344086021,93,72,14,technology
technology,2026-07-19,0.134855965630698,0.108695652173913,92,77,15,technology
technology,2026-07-20,0.131612736711333,0.1382978723404255,94,79,16,technology
technology,2026-07-21,0.0717286972714181,0.0638297872340425,94,82,17,technology
technology,2026-07-22,0.092713639160634,0.0795454545454545,88,77,18,technology
technology,2026-07-23,0.100084997201718,0.108695652173913,92,81,19,technology
technology,2026-07-24,0.0797570901697561,0.086021505376344,93,79,20,technology
technology,2026-07-25,0.1213832238290802,0.1157894736842105,95,86,21,technology
technology,2026-07-26,0.0877726917813029,0.0786516853932584,89,76,22,technology
technology,2026-07-27,0.1128704645757927,0.1034482758620689,87,76,23,technology
technology,2026-07-28,0.1411528964762553,0.1428571428571428,84,79,24,technology
technology,2026-07-29,0.1285719647477831,0.1075268817204301,93,83,25,technology
technology,2026-07-30,0.0883178753938409,0.0833333333333333,96,79,26,technology
technology,2026-07-31,0.1131133749751436,0.1123595505617977,89,81,27,technology
technology,2026-08-01,0.096481094715677,0.0777777777777777,90,79,28,technology
technology,2026-08-02,0.1041042100938306,0.0963855421686747,83,71,29,technology
technology,2026-08-03,0.1235652998032795,0.1145833333333333,96,82,30,technology
technology,2026-08-04,0.1173847445653394,0.1063829787234042,94,81,31,technology
technology,2026-08-05,0.0827423486539083,0.0638297872340425,94,81,32,technology
technology,2026-08-06,0.1240071427822366,0.108695652173913,92,77,33,technology
technology,2026-08-07,0.0614359408406721,0.043010752688172,93,79,34,technology
technology,2026-08-08,0.064483769060276,0.0638297872340425,94,82,35,technology
technology,2026-08-09,0.1049568673144986,0.1063829787234042,94,85,36,technology
technology,2026-08-10,0.0990555376495019,0.0879120879120879,91,81,37,technology
technology,2026-08-11,0.089531546528198,0.0869565217391304,92,81,38,technology
worldnews,2026-07-03,0.1041383471657311,0.1071428571428571,84,78,0,worldnews
worldnews,2026-07-04,0.0750483037760964,0.0632911392405063,79,73,1,worldnews
worldnews,2026-07-05,0.0886189081280636,0.0833333333333333,84,70,2,worldnews
worldnews,2026-07-06,0.1318296814662483,0.1341463414634146,82,72,3,worldnews
worldnews,2026-07-07,0.0880412062602665,0.088235294117647,68,58,4,worldnews
worldnews,2026-07-08,0.1570919242113568,0.1511627906976744,86,73,5,worldnews
worldnews,2026-07-09,0.0957508235413784,0.0919540229885057,87,76,6,worldnews
worldnews,2026-07-10,0.1440453365794383,0.1538461538461538,78,73,7,worldnews
worldnews,2026-07-11,0.0477203173373111,0.0273972602739726,73,65,8,worldnews
worldnews,2026-07-12,0.1502025022423425,0.1265822784810126,79,66,9,worldnews
worldnews,2026-07-13,0.1062643811057331,0.0760869565217391,92,81,10,worldnews
worldnews,2026-07-14,0.1052040876575119,0.0859375,128,112,11,worldnews
worldnews,2026-07-15,0.1395635050174882,0.1463414634146341,82,73,12,worldnews
worldnews,2026-07-16,0.0671906504940125,0.0375,80,73,13,worldnews
worldnews,2026-07-17,0.0512523432894621,0.0246913580246913,81,64,14,worldnews
worldnews,2026-07-18,0.1424235372037133,0.1411764705882353,85,77,15,worldnews
worldnews,2026-07-19,0.1019829550338909,0.1066666666666666,75,69,16,worldnews
worldnews,2026-07-20,0.0787063515445505,0.0735294117647058,68,61,17,worldnews
worldnews,2026-07-21,0.1603427127605149,0.1666666666666666,78,69,18,worldnews
worldnews,2026-07-22,0.1434657079335819,0.1444444444444444,90,78,19,worldnews
worldnews,2026-07-23,0.0679510415189297,0.0588235294117647,85,73,20,worldnews
worldnews,2026-07-24,0.1199863532840806,0.119047619047619,84,72,21,worldnews
worldnews,2026-07-25,0.0967489824255354,0.0813953488372093,86,76,22,worldnews
worldnews,2026-07-26,0.0621034298798934,0.0476190476190476,84,72,23,worldnews
worldnews,2026-07-27,0.1091477484073171,0.0975609756097561,82,59,24,worldnews
worldnews,2026-07-28,0.0858476852458393,0.0681818181818181,88,75,25,worldnews
worldnews,2026-07-29,0.1036260855780506,0.1011235955056179,89,79,26,worldnews
worldnews,2026-07-30,0.0920293506710021,0.0697674418604651,86,76,27,worldnews
worldnews,2026-07-31,0.1153206500913442,0.108433734939759,83,74,28,worldnews
worldnews,2026-08-01,0.0992514133283223,0.0897435897435897,78,66,29,worldnews
worldnews,2026-08-02,0.1444135587303736,0.127906976744186,86,74,30,worldnews
worldnews,2026-08-03,0.0972687790519557,0.0705882352941176,85,79,31,worldnews
worldnews,2026-08-04,0.0823196198459415,0.0804597701149425,87,71,32,worldnews
worldnews,2026-08-05,0.0834162269418328,0.0759493670886076,79,73,33,worldnews
worldnews,2026-08-06,0.0875430988800664,0.0759493670886076,79,71,34,worldnews
worldnews,2026-08-07,0.1473708754609465,0.1358024691358024,81,67,35,worldnews
worldnews,2026-08-08,0.1072185982725229,0.0804597701149425,87,78,36,worldnews
worldnews,2026-08-09,0.1030874309295938,0.1149425287356321,87,68,37,worldnews
worldnews,2026-08-10,0.0776177474665062,0.0843373493975903,83,71,38,worldnews
worldnews,2026-08-11,0.0788613874723109,0.0632911392405063,79,67,39,worldnews
