subreddit,community_health_index,toxicity_rate,toxicity_recent,toxicity_trend,instability_score,polarization,echo_chamber_index,churn_rate,total_comments,timestamp,gnn_risk_raw,gnn_risk,recommended_action,cluster,pca_x,pca_y,dbscan_label,is_outlier
r/PublicFreakout,63.08,0.1939,0.1881,-0.0075,0.0679,0.25,0.2946,0.9107,3472,2026-08-11T16:53:48.997028,1e-06,0.0417,EMERGENCY_INTERVENTION,1,-6.195292364573693,1.1187802671611062,-1,True
r/news,70.94,0.1338,0.1237,-0.0135,0.0468,0.1624,0.0526,0.9358,5938,2026-08-11T16:53:49.042475,2e-06,0.9167,INCREASE_MODERATION,0,-1.4227439486694844,1.8500099784054076,-1,True
r/politics,72.84,0.1448,0.1467,0.0024,0.057,0.1394,0.0548,0.8545,7510,2026-08-11T16:53:49.050440,2e-06,0.875,WARN,0,-1.1374680454058343,0.7071981205533351,-1,True
r/worldnews,72.97,0.1065,0.103,-0.0046,0.0373,0.1604,0.0432,0.8922,6628,2026-08-11T16:53:49.073460,2e-06,0.8333,WARN,0,-0.6859160457509755,1.1448828977409482,-1,True
r/atheism,73.47,0.1305,0.107,-0.0314,0.0457,0.1379,0.1023,0.8145,3873,2026-08-11T16:53:49.000410,1e-06,0.2083,WARN,0,-1.204141045918269,-0.1678109496049333,-1,True
r/changemyview,73.61,0.0584,0.0477,-0.0141,0.0204,0.1723,0.1016,0.8827,3727,2026-08-11T16:53:49.012593,1e-06,0.0833,WARN,0,-0.466064129005309,0.4776016468530997,-1,True
r/Libertarian,74.17,0.082,0.0824,0.0006,0.0302,0.1494,0.1846,0.7853,3109,2026-08-11T16:53:48.996234,2e-06,0.5417,WARN,0,-1.1566303489313945,-1.2251343773260652,-1,True
r/movies,74.8,0.0886,0.1014,0.0171,0.0754,0.0977,0.0612,0.9126,7224,2026-08-11T16:53:49.034297,1e-06,0.25,WARN,4,0.43963903541780264,0.8427162218736749,-1,True
r/technology,74.9,0.1071,0.1051,-0.0027,0.0375,0.098,0.0605,0.875,7221,2026-08-11T16:53:49.062152,2e-06,0.5,WARN,2,0.15323844578034548,0.4713201156451281,-1,True
r/AskReddit,74.94,0.0871,0.0944,0.0097,0.0558,0.0899,0.0117,0.957,7768,2026-08-11T16:53:48.992691,3e-06,1.0,WARN,4,0.9698299409626059,1.6338227071567,-1,True
r/wallstreetbets,75.27,0.1319,0.1391,0.0096,0.0712,0.0521,0.1349,0.8264,3851,2026-08-11T16:53:49.066800,3e-06,0.9583,WARN,2,-0.2118390571404015,-0.6716690215269897,-1,True
r/canada,75.41,0.0936,0.086,-0.0101,0.0328,0.1245,0.1236,0.7863,4412,2026-08-11T16:53:49.007977,1e-06,0.125,WARN,2,-0.4194053203945924,-0.9598287157757303,-1,True
r/australia,75.92,0.1076,0.1062,-0.002,0.0377,0.0811,0.132,0.795,6230,2026-08-11T16:53:49.002343,2e-06,0.7917,WARN,2,-0.10619316631689707,-1.0529312210961277,-1,True
r/gaming,76.32,0.0774,0.0692,-0.0109,0.0271,0.0778,0.0379,0.9037,7306,2026-08-11T16:53:49.021642,1e-06,0.2917,WARN,4,1.207503114381918,0.6640522768846627,-1,True
r/nfl,76.49,0.1069,0.1122,0.0071,0.0559,0.0598,0.0636,0.851,3663,2026-08-11T16:53:49.045222,2e-06,0.6667,WARN,2,0.7758414045132411,-0.08240140104866216,-1,True
r/unitedkingdom,76.54,0.0816,0.0806,-0.0014,0.0286,0.1116,0.0907,0.7946,6706,2026-08-11T16:53:49.065126,2e-06,0.75,WARN,2,0.30926916927900405,-0.8254632133742232,-1,True
r/history,76.6,0.0296,0.0241,-0.007,0.0104,0.0644,0.1104,0.9387,1717,2026-08-11T16:53:49.025538,1e-06,0.1667,WARN,4,1.5987968251231035,0.36252523556405075,-1,True
r/nba,76.78,0.0997,0.1057,0.0081,0.0558,0.0473,0.0803,0.8553,3896,2026-08-11T16:53:49.036909,2e-06,0.375,WARN,2,0.947247977233297,-0.23186195740387347,-1,True
r/Conservative,77.01,0.1068,0.1055,-0.0017,0.0374,0.1293,0.2324,0.5942,2729,2026-08-11T16:53:48.994325,1e-06,0.3333,WARN,3,-1.400663669035345,-3.9475501406351916,-1,True
r/science,77.19,0.0473,0.0516,0.0059,0.032,0.071,0.0536,0.9109,4113,2026-08-11T16:53:49.054563,2e-06,0.7083,WARN,4,1.7378787975455245,0.4482410656282675,-1,True
r/philosophy,77.21,0.0365,0.0394,0.0037,0.0224,0.0786,0.119,0.8682,2684,2026-08-11T16:53:49.046668,2e-06,0.5833,WARN,4,1.2970731984997925,-0.48271794494445386,-1,True
r/soccer,77.58,0.091,0.0765,-0.0193,0.0319,0.0298,0.0415,0.886,3769,2026-08-11T16:53:49.057223,2e-06,0.625,WARN,4,1.696977321605322,0.22110386472014584,-1,True
r/books,77.69,0.0517,0.0579,0.0083,0.0397,0.0341,0.0583,0.9301,3918,2026-08-11T16:53:49.005343,2e-06,0.4167,WARN,4,2.1508860995342034,0.4895585502296253,-1,True
r/india,77.8,0.0843,0.0856,0.0016,0.0336,0.0653,0.0729,0.8096,5389,2026-08-11T16:53:49.029581,2e-06,0.4583,WARN,2,1.1221758112660372,-0.7844440056799022,-1,True
