day,date,predicted_toxicity,p10,p50,p90,risk_level,method,subreddit
1,2026-08-12,0.0934,0.0593,0.0934,0.1227,LOW,TFT,r/AskReddit
2,2026-08-13,0.094,0.0581,0.094,0.1235,LOW,TFT,r/AskReddit
3,2026-08-14,0.0946,0.0573,0.0946,0.124,LOW,TFT,r/AskReddit
4,2026-08-15,0.0954,0.057,0.0954,0.1245,LOW,TFT,r/AskReddit
5,2026-08-16,0.0964,0.0568,0.0964,0.1251,LOW,TFT,r/AskReddit
1,2026-08-12,0.1083,0.0759,0.1083,0.147,LOW,TFT,r/Conservative
2,2026-08-13,0.1096,0.0754,0.1096,0.1476,LOW,TFT,r/Conservative
3,2026-08-14,0.1104,0.0748,0.1104,0.1475,LOW,TFT,r/Conservative
4,2026-08-15,0.111,0.0743,0.111,0.147,LOW,TFT,r/Conservative
5,2026-08-16,0.1115,0.0737,0.1115,0.1466,LOW,TFT,r/Conservative
1,2026-08-12,0.0715,0.0361,0.0715,0.1,LOW,TFT,r/Libertarian
2,2026-08-13,0.0715,0.0342,0.0715,0.1,LOW,TFT,r/Libertarian
3,2026-08-14,0.0718,0.0331,0.0718,0.1002,LOW,TFT,r/Libertarian
4,2026-08-15,0.0725,0.0327,0.0725,0.1006,LOW,TFT,r/Libertarian
5,2026-08-16,0.0735,0.0326,0.0735,0.1011,LOW,TFT,r/Libertarian
1,2026-08-12,0.1579,0.1223,0.1579,0.1837,LOW,TFT,r/PublicFreakout
2,2026-08-13,0.1585,0.1213,0.1585,0.1839,LOW,TFT,r/PublicFreakout
3,2026-08-14,0.159,0.1203,0.159,0.1834,LOW,TFT,r/PublicFreakout
4,2026-08-15,0.1594,0.1196,0.1594,0.1827,LOW,TFT,r/PublicFreakout
5,2026-08-16,0.1599,0.119,0.1599,0.182,LOW,TFT,r/PublicFreakout
1,2026-08-12,0.1128,0.0759,0.1128,0.1507,LOW,TFT,r/atheism
2,2026-08-13,0.1135,0.075,0.1135,0.1512,LOW,TFT,r/atheism
3,2026-08-14,0.1139,0.0743,0.1139,0.1511,LOW,TFT,r/atheism
4,2026-08-15,0.1143,0.0738,0.1143,0.1509,LOW,TFT,r/atheism
5,2026-08-16,0.1147,0.0734,0.1147,0.1507,LOW,TFT,r/atheism
1,2026-08-12,0.1034,0.0664,0.1034,0.1407,LOW,TFT,r/australia
2,2026-08-13,0.1054,0.0663,0.1054,0.1421,LOW,TFT,r/australia
3,2026-08-14,0.1065,0.0661,0.1065,0.1422,LOW,TFT,r/australia
4,2026-08-15,0.1073,0.0658,0.1073,0.142,LOW,TFT,r/australia
5,2026-08-16,0.1079,0.0655,0.1079,0.1416,LOW,TFT,r/australia
1,2026-08-12,0.0512,0.0171,0.0512,0.0731,LOW,TFT,r/books
2,2026-08-13,0.0511,0.0155,0.0511,0.0731,LOW,TFT,r/books
3,2026-08-14,0.0513,0.0146,0.0513,0.0733,LOW,TFT,r/books
4,2026-08-15,0.0519,0.0142,0.0519,0.0737,LOW,TFT,r/books
5,2026-08-16,0.0529,0.0141,0.0529,0.0743,LOW,TFT,r/books
1,2026-08-12,0.0823,0.0397,0.0823,0.1055,LOW,TFT,r/canada
2,2026-08-13,0.0821,0.0373,0.0821,0.1052,LOW,TFT,r/canada
3,2026-08-14,0.0821,0.0358,0.0821,0.1052,LOW,TFT,r/canada
4,2026-08-15,0.0824,0.0348,0.0824,0.1053,LOW,TFT,r/canada
5,2026-08-16,0.083,0.0342,0.083,0.1055,LOW,TFT,r/canada
1,2026-08-12,0.0538,0.0224,0.0538,0.0817,LOW,TFT,r/changemyview
2,2026-08-13,0.0539,0.0206,0.0539,0.0814,LOW,TFT,r/changemyview
3,2026-08-14,0.0542,0.0196,0.0542,0.0814,LOW,TFT,r/changemyview
4,2026-08-15,0.0549,0.019,0.0549,0.0816,LOW,TFT,r/changemyview
5,2026-08-16,0.0559,0.0188,0.0559,0.082,LOW,TFT,r/changemyview
1,2026-08-12,0.0828,0.0495,0.0828,0.1106,LOW,TFT,r/gaming
2,2026-08-13,0.0832,0.048,0.0832,0.1113,LOW,TFT,r/gaming
3,2026-08-14,0.0837,0.0471,0.0837,0.1118,LOW,TFT,r/gaming
4,2026-08-15,0.0844,0.0466,0.0844,0.1123,LOW,TFT,r/gaming
5,2026-08-16,0.0852,0.0463,0.0852,0.1129,LOW,TFT,r/gaming
1,2026-08-12,0.033,0.0,0.033,0.0646,LOW,TFT,r/history
2,2026-08-13,0.0346,0.0,0.0346,0.0652,LOW,TFT,r/history
3,2026-08-14,0.036,0.0,0.036,0.066,LOW,TFT,r/history
4,2026-08-15,0.0374,0.0,0.0374,0.0666,LOW,TFT,r/history
5,2026-08-16,0.0388,0.0,0.0388,0.0672,LOW,TFT,r/history
1,2026-08-12,0.1193,0.0798,0.1193,0.1571,LOW,TFT,r/india
2,2026-08-13,0.1217,0.0806,0.1217,0.1587,LOW,TFT,r/india
3,2026-08-14,0.1232,0.0808,0.1232,0.159,LOW,TFT,r/india
4,2026-08-15,0.1243,0.0808,0.1243,0.1591,LOW,TFT,r/india
5,2026-08-16,0.1252,0.0809,0.1252,0.159,LOW,TFT,r/india
1,2026-08-12,0.0864,0.0566,0.0864,0.1192,LOW,TFT,r/movies
2,2026-08-13,0.0871,0.0554,0.0871,0.12,LOW,TFT,r/movies
3,2026-08-14,0.0877,0.0546,0.0877,0.1205,LOW,TFT,r/movies
4,2026-08-15,0.0886,0.0542,0.0886,0.121,LOW,TFT,r/movies
5,2026-08-16,0.0895,0.054,0.0895,0.1215,LOW,TFT,r/movies
1,2026-08-12,0.1089,0.0755,0.1089,0.1477,LOW,TFT,r/nba
2,2026-08-13,0.1104,0.0752,0.1104,0.1486,LOW,TFT,r/nba
3,2026-08-14,0.1113,0.0747,0.1113,0.1484,LOW,TFT,r/nba
4,2026-08-15,0.1119,0.0743,0.1119,0.148,LOW,TFT,r/nba
5,2026-08-16,0.1125,0.0739,0.1125,0.1475,LOW,TFT,r/nba
1,2026-08-12,0.1472,0.113,0.1472,0.1767,LOW,TFT,r/news
2,2026-08-13,0.1485,0.1124,0.1485,0.1772,LOW,TFT,r/news
3,2026-08-14,0.1493,0.1118,0.1493,0.1768,LOW,TFT,r/news
4,2026-08-15,0.15,0.1113,0.15,0.1763,LOW,TFT,r/news
5,2026-08-16,0.1506,0.1109,0.1506,0.1757,LOW,TFT,r/news
1,2026-08-12,0.1089,0.0724,0.1089,0.1451,LOW,TFT,r/nfl
2,2026-08-13,0.1104,0.0719,0.1104,0.1459,LOW,TFT,r/nfl
3,2026-08-14,0.1112,0.0714,0.1112,0.1459,LOW,TFT,r/nfl
4,2026-08-15,0.1119,0.0709,0.1119,0.1456,LOW,TFT,r/nfl
5,2026-08-16,0.1125,0.0704,0.1125,0.1452,LOW,TFT,r/nfl
1,2026-08-12,0.0361,0.0041,0.0361,0.0664,LOW,TFT,r/philosophy
2,2026-08-13,0.0377,0.0038,0.0377,0.0672,LOW,TFT,r/philosophy
3,2026-08-14,0.0391,0.0039,0.0391,0.0681,LOW,TFT,r/philosophy
4,2026-08-15,0.0404,0.0042,0.0404,0.0688,LOW,TFT,r/philosophy
5,2026-08-16,0.0418,0.0046,0.0418,0.0695,LOW,TFT,r/philosophy
1,2026-08-12,0.1514,0.1147,0.1514,0.1785,LOW,TFT,r/politics
2,2026-08-13,0.1522,0.1139,0.1522,0.179,LOW,TFT,r/politics
3,2026-08-14,0.1527,0.1131,0.1527,0.1787,LOW,TFT,r/politics
4,2026-08-15,0.1532,0.1124,0.1532,0.1781,LOW,TFT,r/politics
5,2026-08-16,0.1537,0.1119,0.1537,0.1775,LOW,TFT,r/politics
1,2026-08-12,0.0507,0.0188,0.0507,0.0772,LOW,TFT,r/science
2,2026-08-13,0.0508,0.0171,0.0508,0.0772,LOW,TFT,r/science
3,2026-08-14,0.0512,0.0162,0.0512,0.0774,LOW,TFT,r/science
4,2026-08-15,0.052,0.0158,0.052,0.0778,LOW,TFT,r/science
5,2026-08-16,0.0531,0.0157,0.0531,0.0784,LOW,TFT,r/science
1,2026-08-12,0.0755,0.04,0.0755,0.1014,LOW,TFT,r/soccer
2,2026-08-13,0.0752,0.0376,0.0752,0.101,LOW,TFT,r/soccer
3,2026-08-14,0.0751,0.0361,0.0751,0.1007,LOW,TFT,r/soccer
4,2026-08-15,0.0754,0.0352,0.0754,0.1008,LOW,TFT,r/soccer
5,2026-08-16,0.076,0.0348,0.076,0.101,LOW,TFT,r/soccer
1,2026-08-12,0.113,0.0817,0.113,0.1531,LOW,TFT,r/technology
2,2026-08-13,0.1147,0.0817,0.1147,0.1541,LOW,TFT,r/technology
3,2026-08-14,0.1157,0.0815,0.1157,0.1541,LOW,TFT,r/technology
4,2026-08-15,0.1165,0.0812,0.1165,0.1538,LOW,TFT,r/technology
5,2026-08-16,0.1172,0.081,0.1172,0.1535,LOW,TFT,r/technology
1,2026-08-12,0.0846,0.0506,0.0846,0.112,LOW,TFT,r/unitedkingdom
2,2026-08-13,0.0849,0.0489,0.0849,0.1124,LOW,TFT,r/unitedkingdom
3,2026-08-14,0.0853,0.0479,0.0853,0.1128,LOW,TFT,r/unitedkingdom
4,2026-08-15,0.0859,0.0472,0.0859,0.1132,LOW,TFT,r/unitedkingdom
5,2026-08-16,0.0867,0.0468,0.0867,0.1137,LOW,TFT,r/unitedkingdom
1,2026-08-12,0.1168,0.0873,0.1168,0.1549,LOW,TFT,r/wallstreetbets
2,2026-08-13,0.1188,0.0875,0.1188,0.1561,LOW,TFT,r/wallstreetbets
3,2026-08-14,0.12,0.0874,0.12,0.1562,LOW,TFT,r/wallstreetbets
4,2026-08-15,0.1209,0.0872,0.1209,0.156,LOW,TFT,r/wallstreetbets
5,2026-08-16,0.1216,0.087,0.1216,0.1557,LOW,TFT,r/wallstreetbets
1,2026-08-12,0.1105,0.0781,0.1105,0.15,LOW,TFT,r/worldnews
2,2026-08-13,0.1119,0.0778,0.1119,0.1509,LOW,TFT,r/worldnews
3,2026-08-14,0.1126,0.0774,0.1126,0.1508,LOW,TFT,r/worldnews
4,2026-08-15,0.1132,0.077,0.1132,0.1505,LOW,TFT,r/worldnews
5,2026-08-16,0.1138,0.0766,0.1138,0.1501,LOW,TFT,r/worldnews
